Category,Percentage
Graduate,0.5049800796812749
Not Graduate,0.4950199203187251
