Category,Percentage
1,0.6271580345285525
0,0.37284196547144755
