Category,Percentage
Yes,0.50066401062417
No,0.49933598937583
